-- MySQL dump 10.13  Distrib 5.7.17, for Win64 (x86_64)
--
-- Host: aa1jizdqeognq1w.czyn0ph198ks.us-east-1.rds.amazonaws.com    Database: ebdb
-- ------------------------------------------------------
-- Server version	5.6.39-log

/*!40101 SET @OLD_CHARACTER_SET_CLIENT=@@CHARACTER_SET_CLIENT */;
/*!40101 SET @OLD_CHARACTER_SET_RESULTS=@@CHARACTER_SET_RESULTS */;
/*!40101 SET @OLD_COLLATION_CONNECTION=@@COLLATION_CONNECTION */;
/*!40101 SET NAMES utf8 */;
/*!40103 SET @OLD_TIME_ZONE=@@TIME_ZONE */;
/*!40103 SET TIME_ZONE='+00:00' */;
/*!40014 SET @OLD_UNIQUE_CHECKS=@@UNIQUE_CHECKS, UNIQUE_CHECKS=0 */;
/*!40014 SET @OLD_FOREIGN_KEY_CHECKS=@@FOREIGN_KEY_CHECKS, FOREIGN_KEY_CHECKS=0 */;
/*!40101 SET @OLD_SQL_MODE=@@SQL_MODE, SQL_MODE='NO_AUTO_VALUE_ON_ZERO' */;
/*!40111 SET @OLD_SQL_NOTES=@@SQL_NOTES, SQL_NOTES=0 */;

--
-- Table structure for table `category`
--

DROP TABLE IF EXISTS `category`;
/*!40101 SET @saved_cs_client     = @@character_set_client */;
/*!40101 SET character_set_client = utf8 */;
CREATE TABLE `category` (
  `id_category` int(11) NOT NULL AUTO_INCREMENT,
  `liwc_id` int(11) NOT NULL DEFAULT '0',
  `name` varchar(45) NOT NULL,
  PRIMARY KEY (`id_category`)
) ENGINE=InnoDB AUTO_INCREMENT=72 DEFAULT CHARSET=latin1;
/*!40101 SET character_set_client = @saved_cs_client */;

--
-- Dumping data for table `category`
--

LOCK TABLES `category` WRITE;
/*!40000 ALTER TABLE `category` DISABLE KEYS */;
INSERT INTO `category` VALUES (1,1,'funct'),(2,131,'cogmech'),(3,126,'posemo'),(4,127,'negemo'),(5,128,'anx'),(6,130,'sad'),(7,129,'anger'),(9,2,'pronoun'),(10,3,'ppron'),(11,4,'i'),(12,5,'we'),(13,6,'you'),(14,7,'shehe'),(15,8,'they'),(16,9,'ipron'),(17,10,'article'),(18,11,'verb'),(19,12,'auxverb'),(20,13,'past'),(21,14,'present'),(22,15,'future'),(23,16,'adverb'),(24,17,'preps'),(25,18,'conj'),(26,19,'negate'),(27,20,'quant'),(28,21,'number'),(29,22,'swear'),(30,121,'social'),(31,122,'family'),(32,123,'friend'),(33,124,'humans'),(34,125,'affect'),(41,132,'insight'),(42,133,'cause'),(43,134,'discrep'),(44,135,'tentat'),(45,136,'certain'),(46,137,'inhib'),(47,138,'incl'),(48,139,'excl'),(49,140,'percept'),(50,141,'see'),(51,142,'hear'),(52,143,'feel'),(53,146,'bio'),(54,147,'body'),(55,148,'health'),(56,149,'sexual'),(57,150,'ingest'),(58,250,'relativ'),(59,251,'motion'),(60,252,'space'),(61,253,'time'),(62,354,'work'),(63,355,'achieve'),(64,356,'leisure'),(65,357,'home'),(66,358,'money'),(67,359,'relig'),(68,360,'death'),(69,462,'assent'),(70,463,'nonfl'),(71,464,'filler');
/*!40000 ALTER TABLE `category` ENABLE KEYS */;
UNLOCK TABLES;

--
-- Table structure for table `evaluation_category`
--

DROP TABLE IF EXISTS `evaluation_category`;
/*!40101 SET @saved_cs_client     = @@character_set_client */;
/*!40101 SET character_set_client = utf8 */;
CREATE TABLE `evaluation_category` (
  `id_evaluation` int(11) NOT NULL AUTO_INCREMENT,
  `id_category` int(11) NOT NULL,
  `count` int(11) NOT NULL,
  PRIMARY KEY (`id_evaluation`),
  KEY `fk_evaluation_category_id_category_idx` (`id_category`),
  CONSTRAINT `fk_evaluation_category_id_category` FOREIGN KEY (`id_category`) REFERENCES `category` (`id_category`) ON DELETE NO ACTION ON UPDATE NO ACTION
) ENGINE=InnoDB AUTO_INCREMENT=1329 DEFAULT CHARSET=latin1;
/*!40101 SET character_set_client = @saved_cs_client */;

--
-- Dumping data for table `evaluation_category`
--

LOCK TABLES `evaluation_category` WRITE;
/*!40000 ALTER TABLE `evaluation_category` DISABLE KEYS */;
INSERT INTO `evaluation_category` VALUES (1,1,49),(2,7,1),(3,9,16),(4,10,8),(5,2,34),(6,41,10),(7,11,4),(8,42,3),(9,43,8),(10,13,4),(11,44,11),(12,14,4),(13,16,12),(14,46,1),(15,47,9),(16,17,6),(17,18,16),(18,48,12),(19,49,8),(20,19,6),(21,20,10),(22,50,3),(23,21,5),(24,51,1),(25,52,5),(26,23,4),(27,24,8),(28,25,10),(29,53,1),(30,26,5),(31,27,2),(32,28,1),(33,57,9),(34,29,2),(35,69,1),(36,70,2),(37,62,5),(38,63,1),(39,64,1),(40,30,15),(41,58,24),(42,59,7),(43,32,1),(44,60,7),(45,33,3),(46,61,8),(47,34,6),(48,3,4),(49,4,2),(50,5,1),(51,1,38),(52,9,10),(53,2,34),(54,10,7),(55,41,9),(56,42,4),(57,43,1),(58,5,1),(59,1,38),(60,9,10),(61,2,34),(62,10,7),(63,41,9),(64,13,7),(65,44,3),(66,14,6),(67,15,1),(68,16,9),(69,46,4),(70,47,17),(71,17,7),(72,18,12),(73,48,4),(74,19,6),(75,49,6),(76,20,7),(77,42,4),(78,43,1),(79,13,7),(80,44,3),(81,14,6),(82,15,1),(83,16,9),(84,46,4),(85,47,17),(86,17,7),(87,18,12),(88,48,4),(89,19,6),(90,49,6),(91,20,7),(92,50,1),(93,21,6),(94,51,2),(95,52,2),(96,23,3),(97,24,16),(98,50,1),(99,21,6),(100,51,2),(101,52,2),(102,23,3),(103,24,16),(104,53,8),(105,25,4),(106,54,7),(107,26,2),(108,27,1),(109,53,8),(110,25,4),(111,54,7),(112,26,2),(113,27,1),(114,56,1),(115,57,2),(116,29,2),(117,70,4),(118,62,10),(119,56,1),(120,57,2),(121,29,2),(122,70,4),(123,62,10),(124,63,3),(125,64,2),(126,66,2),(127,30,11),(128,58,21),(129,59,5),(130,32,1),(131,60,9),(132,33,1),(133,63,3),(134,64,2),(135,66,2),(136,30,11),(137,34,5),(138,61,9),(139,3,2),(140,4,2),(141,58,21),(142,59,5),(143,32,1),(144,60,9),(145,33,1),(146,34,5),(147,61,9),(148,3,2),(149,4,2),(150,1,40),(151,9,14),(152,2,33),(153,10,8),(154,41,11),(155,42,3),(156,43,4),(157,13,6),(158,44,5),(159,14,7),(160,15,1),(161,45,2),(162,46,5),(163,16,13),(164,17,7),(165,47,8),(166,18,20),(167,48,5),(168,19,8),(169,49,5),(170,20,4),(171,21,12),(172,51,4),(173,22,1),(174,52,1),(175,23,3),(176,24,11),(177,53,3),(178,25,7),(179,54,2),(180,26,2),(181,27,3),(182,56,1),(183,57,8),(184,29,6),(185,69,1),(186,70,3),(187,62,5),(188,63,1),(189,66,3),(190,30,14),(191,58,18),(192,59,6),(193,32,1),(194,33,2),(195,60,8),(196,61,5),(197,34,2),(198,3,1),(199,1,39),(200,9,12),(201,2,31),(202,10,10),(203,41,7),(204,42,4),(205,12,1),(206,43,4),(207,13,7),(208,14,7),(209,44,2),(210,15,2),(211,45,1),(212,46,5),(213,16,9),(214,47,17),(215,17,7),(216,48,3),(217,18,10),(218,19,4),(219,20,5),(220,21,5),(221,22,2),(222,23,2),(223,24,19),(224,53,6),(225,25,8),(226,26,1),(227,54,2),(228,56,3),(229,28,1),(230,57,16),(231,29,4),(232,69,4),(233,70,4),(234,62,7),(235,63,1),(236,65,1),(237,66,4),(238,67,1),(239,30,13),(240,58,25),(241,59,7),(242,32,1),(243,60,14),(244,33,4),(245,61,13),(246,34,4),(247,3,3),(248,4,1),(249,5,1),(250,1,100),(251,9,22),(252,6,1),(253,2,81),(254,10,15),(255,41,16),(256,11,3),(257,42,14),(258,13,12),(259,43,6),(260,14,11),(261,44,17),(262,45,4),(263,15,1),(264,16,18),(265,46,5),(266,17,17),(267,47,30),(268,18,30),(269,48,9),(270,49,5),(271,19,13),(272,20,11),(273,50,3),(274,21,12),(275,52,2),(276,22,2),(277,23,8),(278,24,43),(279,25,17),(280,53,8),(281,54,5),(282,26,2),(283,27,13),(284,56,3),(285,28,3),(286,57,21),(287,29,6),(288,69,4),(289,70,6),(290,62,19),(291,63,8),(292,64,3),(293,65,1),(294,66,6),(295,30,30),(296,58,60),(297,59,14),(298,32,1),(299,60,28),(300,33,13),(301,61,32),(302,34,13),(303,3,9),(304,4,3),(305,1,39),(306,7,1),(307,9,11),(308,6,2),(309,10,7),(310,2,33),(311,41,9),(312,42,2),(313,13,6),(314,43,7),(315,14,5),(316,44,10),(317,15,2),(318,16,9),(319,46,3),(320,17,8),(321,47,10),(322,18,7),(323,48,7),(324,19,3),(325,49,3),(326,20,1),(327,21,5),(328,52,1),(329,23,3),(330,24,14),(331,25,11),(332,53,4),(333,26,2),(334,54,2),(335,27,5),(336,28,1),(337,56,1),(338,29,6),(339,57,8),(340,69,2),(341,70,2),(342,62,4),(343,63,6),(344,64,2),(345,30,14),(346,58,19),(347,59,6),(348,60,11),(349,33,3),(350,34,10),(351,61,3),(352,3,6),(353,4,2),(354,1,13),(355,9,4),(356,2,9),(357,10,1),(358,41,3),(359,42,2),(360,43,2),(361,13,1),(362,44,1),(363,14,1),(364,16,4),(365,46,1),(366,47,3),(367,17,1),(368,18,4),(369,48,1),(370,49,5),(371,19,3),(372,50,1),(373,21,3),(374,51,2),(375,52,1),(376,70,1),(377,23,1),(378,24,2),(379,25,3),(380,53,1),(381,54,1),(382,27,1),(383,57,1),(384,29,1),(385,62,4),(386,63,4),(387,64,1),(388,66,1),(389,30,4),(390,58,5),(391,59,2),(392,33,2),(393,60,3),(394,61,1),(395,34,1),(396,3,1),(397,1,39),(398,7,1),(399,9,11),(400,6,2),(401,10,7),(402,2,33),(403,41,9),(404,42,2),(405,13,6),(406,43,7),(407,14,5),(408,44,10),(409,15,2),(410,16,9),(411,46,3),(412,17,8),(413,47,10),(414,18,7),(415,48,7),(416,19,3),(417,49,3),(418,20,1),(419,21,5),(420,52,1),(421,23,3),(422,24,14),(423,25,11),(424,53,4),(425,26,2),(426,54,2),(427,27,5),(428,28,1),(429,56,1),(430,29,6),(431,57,8),(432,69,2),(433,70,2),(434,62,4),(435,63,6),(436,64,2),(437,30,14),(438,58,19),(439,59,6),(440,60,11),(441,33,3),(442,34,10),(443,61,3),(444,3,6),(445,4,2),(446,1,15),(447,9,4),(448,10,4),(449,2,16),(450,41,2),(451,13,3),(452,43,2),(453,14,4),(454,44,3),(455,45,1),(456,16,4),(457,46,1),(458,17,4),(459,47,8),(460,48,1),(461,18,1),(462,21,1),(463,70,3),(464,23,1),(465,24,8),(466,25,3),(467,27,2),(468,29,1),(469,57,2),(470,63,1),(471,30,5),(472,58,4),(473,59,1),(474,60,4),(475,34,3),(476,61,1),(477,3,1),(478,1,7),(479,9,1),(480,2,5),(481,10,1),(482,41,2),(483,42,1),(484,13,1),(485,14,1),(486,44,1),(487,16,1),(488,17,2),(489,47,3),(490,18,1),(491,70,1),(492,24,5),(493,53,1),(494,25,2),(495,54,1),(496,27,1),(497,28,1),(498,57,1),(499,62,3),(500,63,1),(501,64,2),(502,30,2),(503,58,4),(504,59,1),(505,60,3),(506,34,1),(507,61,4),(508,3,1),(509,1,33),(510,9,13),(511,10,10),(512,2,28),(513,41,5),(514,42,4),(515,13,8),(516,43,4),(517,14,8),(518,44,4),(519,45,2),(520,15,2),(521,16,11),(522,17,8),(523,47,12),(524,48,4),(525,18,6),(526,49,4),(527,19,2),(528,50,1),(529,20,1),(530,21,2),(531,70,3),(532,52,1),(533,23,1),(534,24,16),(535,25,5),(536,53,2),(537,54,2),(538,27,4),(539,29,3),(540,57,3),(541,62,2),(542,63,2),(543,64,1),(544,66,2),(545,30,16),(546,58,15),(547,32,1),(548,59,3),(549,60,10),(550,33,2),(551,34,5),(552,61,4),(553,3,4),(554,4,1),(555,5,1),(556,1,32),(557,9,12),(558,2,26),(559,10,9),(560,41,5),(561,11,2),(562,42,3),(563,13,7),(564,43,2),(565,44,5),(566,14,4),(567,15,3),(568,45,1),(569,16,7),(570,46,2),(571,47,8),(572,17,7),(573,18,8),(574,48,4),(575,19,3),(576,49,3),(577,20,3),(578,50,2),(579,21,5),(580,52,1),(581,23,4),(582,24,11),(583,25,4),(584,53,2),(585,26,1),(586,54,1),(587,27,2),(588,57,1),(589,29,3),(590,70,3),(591,62,2),(592,63,1),(593,66,1),(594,30,10),(595,58,8),(596,59,3),(597,32,1),(598,60,8),(599,33,2),(600,34,7),(601,61,4),(602,3,3),(603,4,1),(604,1,46),(605,9,16),(606,10,10),(607,2,31),(608,41,3),(609,42,3),(610,13,10),(611,43,7),(612,14,8),(613,44,6),(614,45,1),(615,15,1),(616,16,14),(617,46,4),(618,17,10),(619,47,15),(620,18,9),(621,48,7),(622,19,7),(623,49,3),(624,21,8),(625,52,3),(626,22,1),(627,23,4),(628,24,18),(629,25,7),(630,53,3),(631,54,1),(632,27,8),(633,55,1),(634,28,1),(635,57,6),(636,29,5),(637,69,2),(638,70,6),(639,62,8),(640,63,8),(641,64,1),(642,65,1),(643,66,2),(644,30,19),(645,58,24),(646,59,6),(647,60,18),(648,33,7),(649,61,8),(650,34,8),(651,3,5),(652,4,2),(653,1,24),(654,9,8),(655,10,8),(656,2,25),(657,11,2),(658,41,7),(659,42,2),(660,43,4),(661,13,4),(662,14,6),(663,44,5),(664,16,6),(665,46,2),(666,47,9),(667,17,5),(668,18,9),(669,48,5),(670,49,3),(671,19,4),(672,20,4),(673,21,4),(674,51,1),(675,52,2),(676,70,3),(677,22,1),(678,24,9),(679,25,5),(680,53,1),(681,26,2),(682,54,1),(683,27,3),(684,56,1),(685,29,2),(686,57,2),(687,63,3),(688,64,1),(689,66,2),(690,30,10),(691,58,6),(692,59,3),(693,32,1),(694,33,1),(695,60,6),(696,34,2),(697,61,2),(698,3,1),(699,5,1),(700,1,56),(701,9,20),(702,2,57),(703,10,14),(704,41,11),(705,11,2),(706,42,11),(707,13,12),(708,43,6),(709,44,10),(710,14,8),(711,15,4),(712,45,5),(713,16,14),(714,46,3),(715,47,15),(716,17,13),(717,18,23),(718,48,11),(719,19,6),(720,49,4),(721,20,5),(722,50,3),(723,21,17),(724,52,1),(725,23,8),(726,24,20),(727,25,12),(728,53,11),(729,26,3),(730,54,5),(731,27,6),(732,55,1),(733,56,3),(734,28,1),(735,57,11),(736,29,9),(737,70,6),(738,62,4),(739,63,7),(740,64,5),(741,66,2),(742,30,21),(743,58,23),(744,59,12),(745,32,1),(746,60,13),(747,33,5),(748,34,8),(749,61,6),(750,3,4),(751,4,1),(752,5,1),(753,1,4),(754,62,1),(755,9,1),(756,2,3),(757,10,1),(758,41,1),(759,13,1),(760,44,1),(761,15,1),(762,47,2),(763,49,1),(764,24,1),(765,25,1),(766,30,2),(767,58,2),(768,33,1),(769,60,1),(770,61,1),(771,34,2),(772,3,1),(773,4,1),(774,1,56),(775,9,15),(776,10,10),(777,2,48),(778,11,1),(779,41,11),(780,42,10),(781,43,8),(782,13,8),(783,44,13),(784,14,7),(785,15,1),(786,45,1),(787,16,12),(788,46,5),(789,47,17),(790,17,9),(791,18,21),(792,48,7),(793,49,2),(794,19,10),(795,20,6),(796,21,14),(797,52,2),(798,22,2),(799,23,4),(800,24,19),(801,25,11),(802,53,4),(803,54,3),(804,26,1),(805,27,5),(806,56,2),(807,28,1),(808,57,9),(809,29,3),(810,69,2),(811,70,4),(812,62,9),(813,63,2),(814,64,3),(815,66,3),(816,30,16),(817,58,24),(818,59,10),(819,33,6),(820,60,11),(821,34,8),(822,61,11),(823,3,7),(824,5,1),(825,1,14),(826,9,4),(827,10,4),(828,2,9),(829,41,1),(830,42,2),(831,13,4),(832,14,3),(833,44,1),(834,15,1),(835,16,3),(836,46,1),(837,17,4),(838,47,5),(839,18,3),(840,48,1),(841,19,2),(842,49,1),(843,20,3),(844,70,2),(845,52,1),(846,23,1),(847,24,5),(848,25,1),(849,26,1),(850,27,1),(851,57,3),(852,62,2),(853,30,4),(854,58,5),(855,59,3),(856,60,4),(857,33,2),(858,61,3),(859,34,2),(860,3,1),(861,4,1),(862,5,1),(863,1,17),(864,9,5),(865,10,5),(866,2,15),(867,41,4),(868,42,1),(869,13,5),(870,14,4),(871,15,1),(872,16,4),(873,17,5),(874,47,9),(875,48,2),(876,18,3),(877,19,2),(878,49,3),(879,20,1),(880,21,2),(881,70,3),(882,24,9),(883,25,3),(884,27,3),(885,55,1),(886,29,2),(887,57,1),(888,62,4),(889,63,1),(890,64,1),(891,30,5),(892,58,6),(893,59,1),(894,60,5),(895,33,2),(896,61,2),(897,34,6),(898,3,3),(899,4,2),(900,1,23),(901,9,9),(902,10,6),(903,2,20),(904,41,4),(905,42,2),(906,13,6),(907,43,5),(908,14,5),(909,44,7),(910,15,1),(911,16,8),(912,46,3),(913,17,6),(914,47,5),(915,18,8),(916,48,2),(917,19,5),(918,49,2),(919,20,2),(920,21,3),(921,70,2),(922,52,2),(923,22,2),(924,23,2),(925,24,7),(926,25,3),(927,27,2),(928,29,1),(929,62,1),(930,63,2),(931,66,2),(932,30,9),(933,58,6),(934,32,1),(935,59,1),(936,60,5),(937,33,1),(938,61,3),(939,34,3),(940,3,2),(941,4,1),(942,1,42),(943,9,11),(944,2,33),(945,10,2),(946,41,7),(947,11,1),(948,42,4),(949,43,4),(950,13,1),(951,44,7),(952,14,2),(953,45,3),(954,16,10),(955,46,3),(956,47,10),(957,17,4),(958,18,13),(959,48,6),(960,49,2),(961,19,8),(962,50,1),(963,20,4),(964,21,10),(965,51,1),(966,70,1),(967,22,1),(968,23,6),(969,24,11),(970,25,7),(971,53,2),(972,26,1),(973,27,9),(974,55,1),(975,28,2),(976,56,1),(977,57,9),(978,29,3),(979,62,10),(980,63,4),(981,66,2),(982,30,10),(983,58,23),(984,59,2),(985,60,8),(986,33,3),(987,61,10),(988,34,7),(989,3,7),(990,1,39),(991,9,7),(992,2,35),(993,10,4),(994,41,10),(995,42,3),(996,13,4),(997,43,1),(998,44,6),(999,14,4),(1000,45,3),(1001,16,7),(1002,46,2),(1003,47,16),(1004,17,5),(1005,18,8),(1006,48,2),(1007,19,6),(1008,49,1),(1009,20,1),(1010,21,4),(1011,70,4),(1012,22,1),(1013,52,1),(1014,23,3),(1015,24,16),(1016,25,5),(1017,53,3),(1018,54,2),(1019,26,1),(1020,55,1),(1021,27,4),(1022,28,3),(1023,57,7),(1024,62,4),(1025,63,3),(1026,30,4),(1027,58,22),(1028,59,2),(1029,33,2),(1030,60,9),(1031,61,12),(1032,34,4),(1033,3,4),(1034,1,35),(1035,7,1),(1036,9,14),(1037,6,2),(1038,2,35),(1039,10,7),(1040,41,12),(1041,42,5),(1042,13,7),(1043,43,3),(1044,14,7),(1045,44,3),(1046,16,14),(1047,46,3),(1048,47,17),(1049,17,8),(1050,18,17),(1051,48,3),(1052,19,7),(1053,49,3),(1054,20,7),(1055,21,6),(1056,70,6),(1057,52,3),(1058,22,2),(1059,23,1),(1060,24,14),(1061,53,6),(1062,25,8),(1063,55,2),(1064,27,1),(1065,56,3),(1066,29,7),(1067,57,4),(1068,62,10),(1069,63,6),(1070,64,1),(1071,66,2),(1072,30,10),(1073,58,21),(1074,59,4),(1075,32,1),(1076,60,14),(1077,33,5),(1078,34,11),(1079,61,11),(1080,3,4),(1081,4,4),(1082,1,40),(1083,9,15),(1084,2,43),(1085,10,10),(1086,41,12),(1087,42,1),(1088,43,6),(1089,13,7),(1090,44,10),(1091,14,7),(1092,15,3),(1093,45,1),(1094,16,12),(1095,46,4),(1096,47,17),(1097,17,8),(1098,18,8),(1099,48,6),(1100,49,4),(1101,19,3),(1102,20,3),(1103,50,3),(1104,21,5),(1105,52,1),(1106,70,3),(1107,23,1),(1108,24,17),(1109,25,12),(1110,53,6),(1111,54,4),(1112,27,5),(1113,55,1),(1114,28,1),(1115,57,2),(1116,29,2),(1117,62,6),(1118,64,3),(1119,66,2),(1120,30,13),(1121,58,10),(1122,32,2),(1123,33,4),(1124,60,9),(1125,34,5),(1126,61,8),(1127,3,5),(1128,5,1),(1129,1,52),(1130,7,2),(1131,9,20),(1132,6,1),(1133,10,13),(1134,2,36),(1135,41,9),(1136,11,2),(1137,42,1),(1138,13,10),(1139,43,6),(1140,14,10),(1141,44,8),(1142,15,1),(1143,45,1),(1144,16,16),(1145,46,2),(1146,17,11),(1147,47,15),(1148,18,14),(1149,48,9),(1150,19,12),(1151,49,6),(1152,20,1),(1153,21,9),(1154,51,1),(1155,52,4),(1156,22,1),(1157,23,1),(1158,24,10),(1159,25,13),(1160,53,2),(1161,26,2),(1162,54,2),(1163,27,5),(1164,28,2),(1165,57,1),(1166,29,3),(1167,70,7),(1168,62,7),(1169,63,3),(1170,66,1),(1171,68,1),(1172,30,20),(1173,58,19),(1174,59,4),(1175,32,1),(1176,60,9),(1177,33,4),(1178,61,5),(1179,34,10),(1180,3,2),(1181,4,8),(1182,1,36),(1183,7,1),(1184,9,9),(1185,6,2),(1186,2,31),(1187,10,5),(1188,41,7),(1189,42,5),(1190,13,5),(1191,43,1),(1192,14,5),(1193,44,10),(1194,45,3),(1195,16,9),(1196,17,10),(1197,47,13),(1198,18,7),(1199,48,1),(1200,49,3),(1201,19,1),(1202,20,2),(1203,21,4),(1204,69,3),(1205,51,1),(1206,70,4),(1207,52,2),(1208,23,5),(1209,24,18),(1210,25,5),(1211,53,2),(1212,27,6),(1213,55,1),(1214,28,4),(1215,56,1),(1216,29,7),(1217,57,8),(1218,62,3),(1219,63,3),(1220,30,9),(1221,58,17),(1222,59,2),(1223,60,9),(1224,33,6),(1225,61,6),(1226,34,8),(1227,3,4),(1228,4,3),(1229,5,5),(1230,1,40),(1231,9,9),(1232,6,1),(1233,10,6),(1234,2,36),(1235,41,15),(1236,42,1),(1237,13,6),(1238,43,3),(1239,14,3),(1240,44,12),(1241,15,3),(1242,45,1),(1243,16,6),(1244,46,5),(1245,17,8),(1246,47,11),(1247,18,14),(1248,48,7),(1249,19,8),(1250,49,5),(1251,20,6),(1252,50,1),(1253,21,5),(1254,52,4),(1255,22,1),(1256,24,10),(1257,25,9),(1258,53,3),(1259,26,5),(1260,54,4),(1261,27,6),(1262,28,2),(1263,57,4),(1264,29,2),(1265,70,2),(1266,62,8),(1267,63,1),(1268,66,3),(1269,30,11),(1270,58,18),(1271,59,6),(1272,32,1),(1273,60,7),(1274,33,1),(1275,61,7),(1276,34,8),(1277,3,1),(1278,4,5),(1279,5,1),(1280,1,42),(1281,9,16),(1282,2,31),(1283,10,10),(1284,41,4),(1285,11,2),(1286,42,3),(1287,13,8),(1288,43,4),(1289,44,8),(1290,14,7),(1291,15,2),(1292,16,12),(1293,46,5),(1294,47,10),(1295,17,9),(1296,48,7),(1297,18,18),(1298,19,11),(1299,49,4),(1300,20,7),(1301,21,6),(1302,52,4),(1303,22,1),(1304,23,1),(1305,24,10),(1306,25,7),(1307,53,5),(1308,26,4),(1309,54,1),(1310,27,5),(1311,55,1),(1312,28,2),(1313,56,1),(1314,57,9),(1315,29,1),(1316,70,3),(1317,62,8),(1318,63,4),(1319,66,2),(1320,30,15),(1321,58,19),(1322,59,9),(1323,60,7),(1324,33,4),(1325,61,10),(1326,34,7),(1327,3,6),(1328,4,1);
/*!40000 ALTER TABLE `evaluation_category` ENABLE KEYS */;
UNLOCK TABLES;

--
-- Table structure for table `lesson`
--

DROP TABLE IF EXISTS `lesson`;
/*!40101 SET @saved_cs_client     = @@character_set_client */;
/*!40101 SET character_set_client = utf8 */;
CREATE TABLE `lesson` (
  `id_lesson` int(11) NOT NULL AUTO_INCREMENT,
  `name` varchar(45) NOT NULL,
  `start` datetime NOT NULL,
  `end` datetime NOT NULL,
  PRIMARY KEY (`id_lesson`)
) ENGINE=InnoDB AUTO_INCREMENT=40 DEFAULT CHARSET=latin1;
/*!40101 SET character_set_client = @saved_cs_client */;

--
-- Dumping data for table `lesson`
--

LOCK TABLES `lesson` WRITE;
/*!40000 ALTER TABLE `lesson` DISABLE KEYS */;
INSERT INTO `lesson` VALUES (1,'Semana 4','2018-03-21 12:40:00','2018-03-21 14:25:00'),(2,'Semana 4','2018-03-23 16:30:00','2018-03-23 18:15:00'),(4,'Semana 5','2018-03-28 12:40:00','2018-03-28 14:25:00'),(5,'Semana 5','2018-03-30 16:30:00','2018-03-30 18:15:00'),(6,'Semana 6','2018-04-04 12:40:00','2018-04-04 14:25:00'),(7,'Semana 6','2018-04-06 16:30:00','2018-04-06 18:15:00'),(8,'Semana 7','2018-04-11 12:40:00','2018-04-11 14:25:00'),(9,'Semana 7','2018-04-13 16:30:00','2018-04-13 18:15:00'),(10,'Semana 8','2018-04-18 12:40:00','2018-04-18 14:25:00'),(11,'Semana 8','2018-04-20 16:30:00','2018-04-20 18:15:00'),(12,'Semana 9','2018-04-25 12:40:00','2018-04-25 14:25:00'),(13,'Semana 9','2018-04-27 16:30:00','2018-04-27 18:15:00'),(14,'Semana 10','2018-05-02 12:40:00','2018-05-02 14:25:00'),(15,'Semana 10','2018-05-04 16:30:00','2018-05-04 18:15:00'),(16,'Semana 11','2018-05-09 12:40:00','2018-05-09 14:25:00'),(17,'Semana 11','2018-05-11 16:30:00','2018-05-11 18:15:00'),(18,'Semana 12','2018-05-16 12:40:00','2018-05-16 14:25:00'),(19,'Semana 12','2018-05-18 16:30:00','2018-05-18 18:15:00'),(20,'Semana 13','2018-05-23 12:40:00','2018-05-23 14:25:00'),(21,'Semana 13','2018-05-25 16:30:00','2018-05-25 18:15:00'),(23,'Semana 5','2018-03-30 18:30:00','2018-03-30 21:40:00'),(24,'Semana 6','2018-04-06 18:30:00','2018-04-06 18:30:00'),(25,'Semana 7','2018-04-13 18:30:00','2018-04-13 21:40:00'),(26,'Semana 8','2018-04-20 18:30:00','2018-04-20 21:40:00'),(27,'Semana 9','2018-04-27 18:30:00','2018-04-27 21:40:00'),(28,'Semana 10','2018-05-04 18:30:00','2018-05-04 21:40:00'),(29,'Semana 11','2018-05-11 18:30:00','2018-05-11 21:40:00'),(30,'Semana 12','2018-05-28 18:30:00','2018-05-28 21:40:00'),(31,'Semana 4','2018-03-23 18:30:00','2018-03-23 21:40:00'),(33,'Conceitos de Arquitetura de Software - 05/04','2018-04-26 18:30:00','2018-04-26 21:40:00'),(34,'Aula - 22/03','2018-03-22 18:30:00','2018-03-22 21:40:00'),(35,'Aula - 29/03','2018-03-29 18:30:00','2018-03-29 21:40:00'),(36,'Gráficos, figuras e tabelas ','2018-05-07 20:00:00','2018-05-07 21:40:00'),(37,'Aula prática de LaTeX','2018-05-14 20:00:00','2018-05-14 21:40:00'),(38,'Formalização matemática e de Algoritmos','2018-05-21 20:00:00','2018-05-21 21:40:00'),(39,'Execução da pesquisa / Avaliação Experimental','2018-05-28 20:00:00','2018-05-28 21:40:00');
/*!40000 ALTER TABLE `lesson` ENABLE KEYS */;
UNLOCK TABLES;

--
-- Table structure for table `lesson_evaluation`
--

DROP TABLE IF EXISTS `lesson_evaluation`;
/*!40101 SET @saved_cs_client     = @@character_set_client */;
/*!40101 SET character_set_client = utf8 */;
CREATE TABLE `lesson_evaluation` (
  `id_lesson_evaluation` int(11) NOT NULL AUTO_INCREMENT,
  `id_lesson` int(11) NOT NULL,
  `id_evaluation` int(11) NOT NULL,
  `id_user` int(11) NOT NULL DEFAULT '1',
  PRIMARY KEY (`id_lesson_evaluation`),
  KEY `fk_lesson_evaluation_id_lesson_idx` (`id_lesson`),
  KEY `fk_lesson_evaluation_id_evaluation_idx` (`id_evaluation`),
  KEY `fk_lesson_evaluation_id_user_idx` (`id_user`),
  CONSTRAINT `fk_lesson_evaluation_id_evaluation` FOREIGN KEY (`id_evaluation`) REFERENCES `evaluation_category` (`id_evaluation`) ON DELETE NO ACTION ON UPDATE NO ACTION,
  CONSTRAINT `fk_lesson_evaluation_id_lesson` FOREIGN KEY (`id_lesson`) REFERENCES `lesson` (`id_lesson`) ON DELETE NO ACTION ON UPDATE NO ACTION,
  CONSTRAINT `fk_lesson_evaluation_id_user` FOREIGN KEY (`id_user`) REFERENCES `users` (`id_users`) ON DELETE NO ACTION ON UPDATE NO ACTION
) ENGINE=InnoDB AUTO_INCREMENT=1329 DEFAULT CHARSET=latin1;
/*!40101 SET character_set_client = @saved_cs_client */;

--
-- Dumping data for table `lesson_evaluation`
--

LOCK TABLES `lesson_evaluation` WRITE;
/*!40000 ALTER TABLE `lesson_evaluation` DISABLE KEYS */;
INSERT INTO `lesson_evaluation` VALUES (50,4,50,3),(51,4,51,3),(52,4,52,3),(53,4,53,3),(54,4,54,3),(55,4,55,3),(56,4,56,3),(57,4,57,3),(58,4,58,3),(59,4,59,3),(60,4,60,3),(61,4,61,3),(62,4,62,3),(63,4,63,3),(64,4,64,3),(65,4,65,3),(66,4,66,3),(67,4,67,3),(68,4,68,3),(69,4,69,3),(70,4,70,3),(71,4,71,3),(72,4,72,3),(73,4,73,3),(74,4,74,3),(75,4,75,3),(76,4,76,3),(77,4,77,3),(78,4,78,3),(79,4,79,3),(80,4,80,3),(81,4,81,3),(82,4,82,3),(83,4,83,3),(84,4,84,3),(85,4,85,3),(86,4,86,3),(87,4,87,3),(88,4,88,3),(89,4,89,3),(90,4,90,3),(91,4,91,3),(92,4,92,3),(93,4,93,3),(94,4,94,3),(95,4,95,3),(96,4,96,3),(97,4,98,3),(98,4,99,3),(99,4,100,3),(100,4,101,3),(101,4,102,3),(102,4,103,3),(103,4,104,3),(104,4,105,3),(105,4,106,3),(106,4,107,3),(107,4,108,3),(108,4,97,3),(109,4,109,3),(110,4,110,3),(111,4,111,3),(112,4,112,3),(113,4,114,3),(114,4,115,3),(115,4,116,3),(116,4,117,3),(117,4,113,3),(118,4,119,3),(119,4,120,3),(120,4,121,3),(121,4,122,3),(122,4,123,3),(123,4,124,3),(124,4,125,3),(125,4,126,3),(126,4,127,3),(127,4,128,3),(128,4,129,3),(129,4,130,3),(130,4,131,3),(131,4,132,3),(132,4,118,3),(133,4,133,3),(134,4,134,3),(135,4,135,3),(136,4,137,3),(137,4,138,3),(138,4,139,3),(139,4,140,3),(140,4,136,3),(141,4,141,3),(142,4,142,3),(143,4,143,3),(144,4,144,3),(145,4,145,3),(146,4,146,3),(147,4,147,3),(148,4,148,3),(149,4,149,3),(150,6,150,3),(151,6,151,3),(152,6,152,3),(153,6,153,3),(154,6,154,3),(155,6,155,3),(156,6,156,3),(157,6,157,3),(158,6,158,3),(159,6,159,3),(160,6,160,3),(161,6,161,3),(162,6,162,3),(163,6,163,3),(164,6,164,3),(165,6,165,3),(166,6,166,3),(167,6,167,3),(168,6,168,3),(169,6,169,3),(170,6,170,3),(171,6,171,3),(172,6,172,3),(173,6,173,3),(174,6,174,3),(175,6,175,3),(176,6,176,3),(177,6,177,3),(178,6,178,3),(179,6,179,3),(180,6,180,3),(181,6,181,3),(182,6,182,3),(183,6,183,3),(184,6,184,3),(185,6,185,3),(186,6,186,3),(187,6,187,3),(188,6,188,3),(189,6,189,3),(190,6,190,3),(191,6,191,3),(192,6,192,3),(193,6,193,3),(194,6,194,3),(195,6,195,3),(196,6,196,3),(197,6,197,3),(198,6,198,3),(199,6,199,7),(200,6,200,7),(201,6,201,7),(202,6,202,7),(203,6,203,7),(204,6,204,7),(205,6,205,7),(206,6,206,7),(207,6,207,7),(208,6,208,7),(209,6,209,7),(210,6,210,7),(211,6,211,7),(212,6,212,7),(213,6,213,7),(214,6,214,7),(215,6,215,7),(216,6,216,7),(217,6,217,7),(218,6,218,7),(219,6,219,7),(220,6,220,7),(221,6,221,7),(222,6,222,7),(223,6,223,7),(224,6,224,7),(225,6,225,7),(226,6,226,7),(227,6,227,7),(228,6,228,7),(229,6,229,7),(230,6,230,7),(231,6,231,7),(232,6,232,7),(233,6,233,7),(234,6,234,7),(235,6,235,7),(236,6,236,7),(237,6,237,7),(238,6,238,7),(239,6,239,7),(240,6,240,7),(241,6,241,7),(242,6,242,7),(243,6,243,7),(244,6,244,7),(245,6,245,7),(246,6,246,7),(247,6,247,7),(248,6,248,7),(249,7,249,7),(250,7,250,7),(251,7,251,7),(252,7,252,7),(253,7,253,7),(254,7,254,7),(255,7,255,7),(256,7,256,7),(257,7,257,7),(258,7,258,7),(259,7,259,7),(260,7,260,7),(261,7,261,7),(262,7,262,7),(263,7,263,7),(264,7,264,7),(265,7,265,7),(266,7,266,7),(267,7,267,7),(268,7,268,7),(269,7,269,7),(270,7,270,7),(271,7,271,7),(272,7,272,7),(273,7,273,7),(274,7,274,7),(275,7,275,7),(276,7,276,7),(277,7,277,7),(278,7,278,7),(279,7,279,7),(280,7,280,7),(281,7,281,7),(282,7,282,7),(283,7,283,7),(284,7,284,7),(285,7,285,7),(286,7,286,7),(287,7,287,7),(288,7,288,7),(289,7,289,7),(290,7,290,7),(291,7,291,7),(292,7,292,7),(293,7,293,7),(294,7,294,7),(295,7,295,7),(296,7,296,7),(297,7,297,7),(298,7,298,7),(299,7,299,7),(300,7,300,7),(301,7,301,7),(302,7,302,7),(303,7,303,7),(304,7,304,7),(354,34,354,22),(355,34,355,22),(356,34,356,22),(357,34,357,22),(358,34,358,22),(359,34,359,22),(360,34,360,22),(361,34,361,22),(362,34,362,22),(363,34,363,22),(364,34,364,22),(365,34,365,22),(366,34,366,22),(367,34,367,22),(368,34,368,22),(369,34,369,22),(370,34,370,22),(371,34,371,22),(372,34,372,22),(373,34,373,22),(374,34,374,22),(375,34,375,22),(376,34,376,22),(377,34,377,22),(378,34,378,22),(379,34,379,22),(380,34,380,22),(381,34,381,22),(382,34,382,22),(383,34,383,22),(384,34,384,22),(385,34,385,22),(386,34,386,22),(387,34,387,22),(388,34,388,22),(389,34,389,22),(390,34,390,22),(391,34,391,22),(392,34,392,22),(393,34,393,22),(394,34,394,22),(395,34,395,22),(396,34,396,22),(397,35,397,22),(398,35,398,22),(399,35,399,22),(400,35,400,22),(401,35,401,22),(402,35,402,22),(403,35,403,22),(404,35,404,22),(405,35,405,22),(406,35,406,22),(407,35,407,22),(408,35,408,22),(409,35,409,22),(410,35,410,22),(411,35,411,22),(412,35,412,22),(413,35,413,22),(414,35,414,22),(415,35,415,22),(416,35,416,22),(417,35,417,22),(418,35,418,22),(419,35,419,22),(420,35,420,22),(421,35,421,22),(422,35,422,22),(423,35,423,22),(424,35,424,22),(425,35,425,22),(426,35,426,22),(427,35,427,22),(428,35,428,22),(429,35,429,22),(430,35,430,22),(431,35,431,22),(432,35,432,22),(433,35,433,22),(434,35,434,22),(435,35,435,22),(436,35,436,22),(437,35,437,22),(438,35,438,22),(439,35,439,22),(440,35,440,22),(441,35,441,22),(442,35,442,22),(443,35,443,22),(444,35,444,22),(445,35,445,22),(446,33,446,22),(447,33,447,22),(448,33,448,22),(449,33,449,22),(450,33,450,22),(451,33,451,22),(452,33,452,22),(453,33,453,22),(454,33,454,22),(455,33,455,22),(456,33,456,22),(457,33,457,22),(458,33,458,22),(459,33,459,22),(460,33,460,22),(461,33,461,22),(462,33,462,22),(463,33,463,22),(464,33,464,22),(465,33,465,22),(466,33,466,22),(467,33,467,22),(468,33,468,22),(469,33,469,22),(470,33,470,22),(471,33,471,22),(472,33,472,22),(473,33,473,22),(474,33,474,22),(475,33,475,22),(476,33,476,22),(477,33,477,22),(478,34,478,23),(479,34,479,23),(480,34,480,23),(481,34,481,23),(482,34,482,23),(483,34,483,23),(484,34,484,23),(485,34,485,23),(486,34,486,23),(487,34,487,23),(488,34,488,23),(489,34,489,23),(490,34,490,23),(491,34,491,23),(492,34,492,23),(493,34,493,23),(494,34,494,23),(495,34,495,23),(496,34,496,23),(497,34,497,23),(498,34,498,23),(499,34,499,23),(500,34,500,23),(501,34,501,23),(502,34,502,23),(503,34,503,23),(504,34,504,23),(505,34,505,23),(506,34,506,23),(507,34,507,23),(508,34,508,23),(509,35,509,23),(510,35,510,23),(511,35,511,23),(512,35,512,23),(513,35,513,23),(514,35,514,23),(515,35,515,23),(516,35,516,23),(517,35,517,23),(518,35,518,23),(519,35,519,23),(520,35,520,23),(521,35,521,23),(522,35,522,23),(523,35,523,23),(524,35,524,23),(525,35,525,23),(526,35,526,23),(527,35,527,23),(528,35,528,23),(529,35,529,23),(530,35,530,23),(531,35,531,23),(532,35,532,23),(533,35,533,23),(534,35,534,23),(535,35,535,23),(536,35,536,23),(537,35,537,23),(538,35,538,23),(539,35,539,23),(540,35,540,23),(541,35,541,23),(542,35,542,23),(543,35,543,23),(544,35,544,23),(545,35,545,23),(546,35,546,23),(547,35,547,23),(548,35,548,23),(549,35,549,23),(550,35,550,23),(551,35,551,23),(552,35,552,23),(553,35,553,23),(554,35,554,23),(555,33,555,23),(556,33,556,23),(557,33,557,23),(558,33,558,23),(559,33,559,23),(560,33,560,23),(561,33,561,23),(562,33,562,23),(563,33,563,23),(564,33,564,23),(565,33,565,23),(566,33,566,23),(567,33,567,23),(568,33,568,23),(569,33,569,23),(570,33,570,23),(571,33,571,23),(572,33,572,23),(573,33,573,23),(574,33,574,23),(575,33,575,23),(576,33,576,23),(577,33,577,23),(578,33,578,23),(579,33,579,23),(580,33,580,23),(581,33,581,23),(582,33,582,23),(583,33,583,23),(584,33,584,23),(585,33,585,23),(586,33,586,23),(587,33,587,23),(588,33,588,23),(589,33,589,23),(590,33,590,23),(591,33,591,23),(592,33,592,23),(593,33,593,23),(594,33,594,23),(595,33,595,23),(596,33,596,23),(597,33,597,23),(598,33,598,23),(599,33,599,23),(600,33,600,23),(601,33,601,23),(602,33,602,23),(603,33,603,23),(604,34,604,24),(605,34,605,24),(606,34,606,24),(607,34,607,24),(608,34,608,24),(609,34,609,24),(610,34,610,24),(611,34,611,24),(612,34,612,24),(613,34,613,24),(614,34,614,24),(615,34,615,24),(616,34,616,24),(617,34,617,24),(618,34,618,24),(619,34,619,24),(620,34,620,24),(621,34,621,24),(622,34,622,24),(623,34,623,24),(624,34,624,24),(625,34,625,24),(626,34,626,24),(627,34,627,24),(628,34,628,24),(629,34,629,24),(630,34,630,24),(631,34,631,24),(632,34,632,24),(633,34,633,24),(634,34,634,24),(635,34,635,24),(636,34,636,24),(637,34,637,24),(638,34,638,24),(639,34,639,24),(640,34,640,24),(641,34,641,24),(642,34,642,24),(643,34,643,24),(644,34,644,24),(645,34,645,24),(646,34,646,24),(647,34,647,24),(648,34,648,24),(649,34,649,24),(650,34,650,24),(651,34,651,24),(652,34,652,24),(653,35,653,24),(654,35,654,24),(655,35,655,24),(656,35,656,24),(657,35,657,24),(658,35,658,24),(659,35,659,24),(660,35,660,24),(661,35,661,24),(662,35,662,24),(663,35,663,24),(664,35,664,24),(665,35,665,24),(666,35,666,24),(667,35,667,24),(668,35,668,24),(669,35,669,24),(670,35,670,24),(671,35,671,24),(672,35,672,24),(673,35,673,24),(674,35,674,24),(675,35,675,24),(676,35,676,24),(677,35,677,24),(678,35,678,24),(679,35,679,24),(680,35,680,24),(681,35,681,24),(682,35,682,24),(683,35,683,24),(684,35,684,24),(685,35,685,24),(686,35,686,24),(687,35,687,24),(688,35,688,24),(689,35,689,24),(690,35,690,24),(691,35,691,24),(692,35,692,24),(693,35,693,24),(694,35,694,24),(695,35,695,24),(696,35,696,24),(697,35,697,24),(698,35,698,24),(699,33,699,24),(700,33,700,24),(701,33,701,24),(702,33,702,24),(703,33,703,24),(704,33,704,24),(705,33,705,24),(706,33,706,24),(707,33,707,24),(708,33,708,24),(709,33,709,24),(710,33,710,24),(711,33,711,24),(712,33,712,24),(713,33,713,24),(714,33,714,24),(715,33,715,24),(716,33,716,24),(717,33,717,24),(718,33,718,24),(719,33,719,24),(720,33,720,24),(721,33,721,24),(722,33,722,24),(723,33,723,24),(724,33,724,24),(725,33,725,24),(726,33,726,24),(727,33,727,24),(728,33,728,24),(729,33,729,24),(730,33,730,24),(731,33,731,24),(732,33,732,24),(733,33,733,24),(734,33,734,24),(735,33,735,24),(736,33,736,24),(737,33,737,24),(738,33,738,24),(739,33,739,24),(740,33,740,24),(741,33,741,24),(742,33,742,24),(743,33,743,24),(744,33,744,24),(745,33,745,24),(746,33,746,24),(747,33,747,24),(748,33,748,24),(749,33,749,24),(750,33,750,24),(751,33,751,24),(752,34,752,25),(753,34,753,25),(754,34,754,25),(755,34,755,25),(756,34,756,25),(757,34,757,25),(758,34,758,25),(759,34,759,25),(760,34,760,25),(761,34,761,25),(762,34,762,25),(763,34,763,25),(764,34,764,25),(765,34,765,25),(766,34,766,25),(767,34,767,25),(768,34,768,25),(769,34,769,25),(770,34,770,25),(771,34,771,25),(772,34,772,25),(773,34,773,25),(774,35,774,25),(775,35,775,25),(776,35,776,25),(777,35,777,25),(778,35,778,25),(779,35,779,25),(780,35,780,25),(781,35,781,25),(782,35,782,25),(783,35,783,25),(784,35,784,25),(785,35,785,25),(786,35,786,25),(787,35,787,25),(788,35,788,25),(789,35,789,25),(790,35,790,25),(791,35,791,25),(792,35,792,25),(793,35,793,25),(794,35,794,25),(795,35,795,25),(796,35,796,25),(797,35,797,25),(798,35,798,25),(799,35,799,25),(800,35,800,25),(801,35,801,25),(802,35,802,25),(803,35,803,25),(804,35,804,25),(805,35,805,25),(806,35,806,25),(807,35,807,25),(808,35,808,25),(809,35,809,25),(810,35,810,25),(811,35,811,25),(812,35,812,25),(813,35,813,25),(814,35,814,25),(815,35,815,25),(816,35,816,25),(817,35,817,25),(818,35,818,25),(819,35,819,25),(820,35,820,25),(821,35,821,25),(822,35,822,25),(823,35,823,25),(824,33,824,25),(825,33,825,25),(826,33,826,25),(827,33,827,25),(828,33,828,25),(829,33,829,25),(830,33,830,25),(831,33,831,25),(832,33,832,25),(833,33,833,25),(834,33,834,25),(835,33,835,25),(836,33,836,25),(837,33,837,25),(838,33,838,25),(839,33,839,25),(840,33,840,25),(841,33,841,25),(842,33,842,25),(843,33,843,25),(844,33,844,25),(845,33,845,25),(846,33,846,25),(847,33,847,25),(848,33,848,25),(849,33,849,25),(850,33,850,25),(851,33,851,25),(852,33,852,25),(853,33,853,25),(854,33,854,25),(855,33,855,25),(856,33,856,25),(857,33,857,25),(858,33,858,25),(859,33,859,25),(860,33,860,25),(861,33,861,25),(862,34,862,26),(863,34,863,26),(864,34,864,26),(865,34,865,26),(866,34,866,26),(867,34,867,26),(868,34,868,26),(869,34,869,26),(870,34,870,26),(871,34,871,26),(872,34,872,26),(873,34,873,26),(874,34,874,26),(875,34,875,26),(876,34,876,26),(877,34,877,26),(878,34,878,26),(879,34,879,26),(880,34,880,26),(881,34,881,26),(882,34,882,26),(883,34,883,26),(884,34,884,26),(885,34,885,26),(886,34,886,26),(887,34,887,26),(888,34,888,26),(889,34,889,26),(890,34,890,26),(891,34,891,26),(892,34,892,26),(893,34,893,26),(894,34,894,26),(895,34,895,26),(896,34,896,26),(897,34,897,26),(898,34,898,26),(899,34,899,26),(900,34,900,27),(901,34,901,27),(902,34,902,27),(903,34,903,27),(904,34,904,27),(905,34,905,27),(906,34,906,27),(907,34,907,27),(908,34,908,27),(909,34,909,27),(910,34,910,27),(911,34,911,27),(912,34,912,27),(913,34,913,27),(914,34,914,27),(915,34,915,27),(916,34,916,27),(917,34,917,27),(918,34,918,27),(919,34,919,27),(920,34,920,27),(921,34,921,27),(922,34,922,27),(923,34,923,27),(924,34,924,27),(925,34,925,27),(926,34,926,27),(927,34,927,27),(928,34,928,27),(929,34,929,27),(930,34,930,27),(931,34,931,27),(932,34,932,27),(933,34,933,27),(934,34,934,27),(935,34,935,27),(936,34,936,27),(937,34,937,27),(938,34,938,27),(939,34,939,27),(940,34,940,27),(941,34,941,27),(942,36,942,36),(943,36,943,36),(944,36,944,36),(945,36,945,36),(946,36,946,36),(947,36,947,36),(948,36,948,36),(949,36,949,36),(950,36,950,36),(951,36,951,36),(952,36,952,36),(953,36,953,36),(954,36,954,36),(955,36,955,36),(956,36,956,36),(957,36,957,36),(958,36,958,36),(959,36,959,36),(960,36,960,36),(961,36,961,36),(962,36,962,36),(963,36,963,36),(964,36,964,36),(965,36,965,36),(966,36,966,36),(967,36,967,36),(968,36,968,36),(969,36,969,36),(970,36,970,36),(971,36,971,36),(972,36,972,36),(973,36,973,36),(974,36,974,36),(975,36,975,36),(976,36,976,36),(977,36,977,36),(978,36,978,36),(979,36,979,36),(980,36,980,36),(981,36,981,36),(982,36,982,36),(983,36,983,36),(984,36,984,36),(985,36,985,36),(986,36,986,36),(987,36,987,36),(988,36,988,36),(989,36,989,36),(990,17,990,4),(991,17,991,4),(992,17,992,4),(993,17,993,4),(994,17,994,4),(995,17,995,4),(996,17,996,4),(997,17,997,4),(998,17,998,4),(999,17,999,4),(1000,17,1000,4),(1001,17,1001,4),(1002,17,1002,4),(1003,17,1003,4),(1004,17,1004,4),(1005,17,1005,4),(1006,17,1006,4),(1007,17,1007,4),(1008,17,1008,4),(1009,17,1009,4),(1010,17,1010,4),(1011,17,1011,4),(1012,17,1012,4),(1013,17,1013,4),(1014,17,1014,4),(1015,17,1015,4),(1016,17,1016,4),(1017,17,1017,4),(1018,17,1018,4),(1019,17,1019,4),(1020,17,1020,4),(1021,17,1021,4),(1022,17,1022,4),(1023,17,1023,4),(1024,17,1024,4),(1025,17,1025,4),(1026,17,1026,4),(1027,17,1027,4),(1028,17,1028,4),(1029,17,1029,4),(1030,17,1030,4),(1031,17,1031,4),(1032,17,1032,4),(1033,17,1033,4),(1034,36,1034,43),(1035,36,1035,43),(1036,36,1036,43),(1037,36,1037,43),(1038,36,1038,43),(1039,36,1039,43),(1040,36,1040,43),(1041,36,1041,43),(1042,36,1042,43),(1043,36,1043,43),(1044,36,1044,43),(1045,36,1045,43),(1046,36,1046,43),(1047,36,1047,43),(1048,36,1048,43),(1049,36,1049,43),(1050,36,1050,43),(1051,36,1051,43),(1052,36,1052,43),(1053,36,1053,43),(1054,36,1054,43),(1055,36,1055,43),(1056,36,1056,43),(1057,36,1057,43),(1058,36,1058,43),(1059,36,1059,43),(1060,36,1060,43),(1061,36,1061,43),(1062,36,1062,43),(1063,36,1063,43),(1064,36,1064,43),(1065,36,1065,43),(1066,36,1066,43),(1067,36,1067,43),(1068,36,1068,43),(1069,36,1069,43),(1070,36,1070,43),(1071,36,1071,43),(1072,36,1072,43),(1073,36,1073,43),(1074,36,1074,43),(1075,36,1075,43),(1076,36,1076,43),(1077,36,1077,43),(1078,36,1078,43),(1079,36,1079,43),(1080,36,1080,43),(1081,36,1081,43),(1082,36,1082,30),(1083,36,1083,30),(1084,36,1084,30),(1085,36,1085,30),(1086,36,1086,30),(1087,36,1087,30),(1088,36,1088,30),(1089,36,1089,30),(1090,36,1090,30),(1091,36,1091,30),(1092,36,1092,30),(1093,36,1093,30),(1094,36,1094,30),(1095,36,1095,30),(1096,36,1096,30),(1097,36,1097,30),(1098,36,1098,30),(1099,36,1099,30),(1100,36,1100,30),(1101,36,1101,30),(1102,36,1102,30),(1103,36,1103,30),(1104,36,1104,30),(1105,36,1105,30),(1106,36,1106,30),(1107,36,1107,30),(1108,36,1108,30),(1109,36,1109,30),(1110,36,1110,30),(1111,36,1111,30),(1112,36,1112,30),(1113,36,1113,30),(1114,36,1114,30),(1115,36,1115,30),(1116,36,1116,30),(1117,36,1117,30),(1118,36,1118,30),(1119,36,1119,30),(1120,36,1120,30),(1121,36,1121,30),(1122,36,1122,30),(1123,36,1123,30),(1124,36,1124,30),(1125,36,1125,30),(1126,36,1126,30),(1127,36,1127,30),(1128,36,1128,41),(1129,36,1129,41),(1130,36,1130,41),(1131,36,1131,41),(1132,36,1132,41),(1133,36,1133,41),(1134,36,1134,41),(1135,36,1135,41),(1136,36,1136,41),(1137,36,1137,41),(1138,36,1138,41),(1139,36,1139,41),(1140,36,1140,41),(1141,36,1141,41),(1142,36,1142,41),(1143,36,1143,41),(1144,36,1144,41),(1145,36,1145,41),(1146,36,1146,41),(1147,36,1147,41),(1148,36,1148,41),(1149,36,1149,41),(1150,36,1150,41),(1151,36,1151,41),(1152,36,1152,41),(1153,36,1153,41),(1154,36,1154,41),(1155,36,1155,41),(1156,36,1156,41),(1157,36,1157,41),(1158,36,1158,41),(1159,36,1159,41),(1160,36,1160,41),(1161,36,1161,41),(1162,36,1162,41),(1163,36,1163,41),(1164,36,1164,41),(1165,36,1165,41),(1166,36,1166,41),(1167,36,1167,41),(1168,36,1168,41),(1169,36,1169,41),(1170,36,1170,41),(1171,36,1171,41),(1172,36,1172,41),(1173,36,1173,41),(1174,36,1174,41),(1175,36,1175,41),(1176,36,1176,41),(1177,36,1177,41),(1178,36,1178,41),(1179,36,1179,41),(1180,36,1180,41),(1181,36,1181,41),(1182,36,1182,28),(1183,36,1183,28),(1184,36,1184,28),(1185,36,1185,28),(1186,36,1186,28),(1187,36,1187,28),(1188,36,1188,28),(1189,36,1189,28),(1190,36,1190,28),(1191,36,1191,28),(1192,36,1192,28),(1193,36,1193,28),(1194,36,1194,28),(1195,36,1195,28),(1196,36,1196,28),(1197,36,1197,28),(1198,36,1198,28),(1199,36,1199,28),(1200,36,1200,28),(1201,36,1201,28),(1202,36,1202,28),(1203,36,1203,28),(1204,36,1204,28),(1205,36,1205,28),(1206,36,1206,28),(1207,36,1207,28),(1208,36,1208,28),(1209,36,1209,28),(1210,36,1210,28),(1211,36,1211,28),(1212,36,1212,28),(1213,36,1213,28),(1214,36,1214,28),(1215,36,1215,28),(1216,36,1216,28),(1217,36,1217,28),(1218,36,1218,28),(1219,36,1219,28),(1220,36,1220,28),(1221,36,1221,28),(1222,36,1222,28),(1223,36,1223,28),(1224,36,1224,28),(1225,36,1225,28),(1226,36,1226,28),(1227,36,1227,28),(1228,36,1228,28),(1229,37,1229,41),(1230,37,1230,41),(1231,37,1231,41),(1232,37,1232,41),(1233,37,1233,41),(1234,37,1234,41),(1235,37,1235,41),(1236,37,1236,41),(1237,37,1237,41),(1238,37,1238,41),(1239,37,1239,41),(1240,37,1240,41),(1241,37,1241,41),(1242,37,1242,41),(1243,37,1243,41),(1244,37,1244,41),(1245,37,1245,41),(1246,37,1246,41),(1247,37,1247,41),(1248,37,1248,41),(1249,37,1249,41),(1250,37,1250,41),(1251,37,1251,41),(1252,37,1252,41),(1253,37,1253,41),(1254,37,1254,41),(1255,37,1255,41),(1256,37,1256,41),(1257,37,1257,41),(1258,37,1258,41),(1259,37,1259,41),(1260,37,1260,41),(1261,37,1261,41),(1262,37,1262,41),(1263,37,1263,41),(1264,37,1264,41),(1265,37,1265,41),(1266,37,1266,41),(1267,37,1267,41),(1268,37,1268,41),(1269,37,1269,41),(1270,37,1270,41),(1271,37,1271,41),(1272,37,1272,41),(1273,37,1273,41),(1274,37,1274,41),(1275,37,1275,41),(1276,37,1276,41),(1277,37,1277,41),(1278,37,1278,41),(1279,38,1279,41),(1280,38,1280,41),(1281,38,1281,41),(1282,38,1282,41),(1283,38,1283,41),(1284,38,1284,41),(1285,38,1285,41),(1286,38,1286,41),(1287,38,1287,41),(1288,38,1288,41),(1289,38,1289,41),(1290,38,1290,41),(1291,38,1291,41),(1292,38,1292,41),(1293,38,1293,41),(1294,38,1294,41),(1295,38,1295,41),(1296,38,1296,41),(1297,38,1297,41),(1298,38,1298,41),(1299,38,1299,41),(1300,38,1300,41),(1301,38,1301,41),(1302,38,1302,41),(1303,38,1303,41),(1304,38,1304,41),(1305,38,1305,41),(1306,38,1306,41),(1307,38,1307,41),(1308,38,1308,41),(1309,38,1309,41),(1310,38,1310,41),(1311,38,1311,41),(1312,38,1312,41),(1313,38,1313,41),(1314,38,1314,41),(1315,38,1315,41),(1316,38,1316,41),(1317,38,1317,41),(1318,38,1318,41),(1319,38,1319,41),(1320,38,1320,41),(1321,38,1321,41),(1322,38,1322,41),(1323,38,1323,41),(1324,38,1324,41),(1325,38,1325,41),(1326,38,1326,41),(1327,38,1327,41),(1328,38,1328,41);
/*!40000 ALTER TABLE `lesson_evaluation` ENABLE KEYS */;
UNLOCK TABLES;

--
-- Table structure for table `lesson_user_text`
--

DROP TABLE IF EXISTS `lesson_user_text`;
/*!40101 SET @saved_cs_client     = @@character_set_client */;
/*!40101 SET character_set_client = utf8 */;
CREATE TABLE `lesson_user_text` (
  `id_lesson_evaluation_text` int(11) NOT NULL AUTO_INCREMENT,
  `id_lesson` int(11) NOT NULL,
  `id_user` int(11) NOT NULL,
  `text` varchar(2000) NOT NULL,
  PRIMARY KEY (`id_lesson_evaluation_text`),
  KEY `fk_lesson_user_id_lesson_idx` (`id_lesson`),
  KEY `fk_lesson_user_id_user_idx` (`id_user`),
  CONSTRAINT `fk_lesson_user_id_lesson` FOREIGN KEY (`id_lesson`) REFERENCES `lesson` (`id_lesson`) ON DELETE NO ACTION ON UPDATE NO ACTION,
  CONSTRAINT `fk_lesson_user_id_user` FOREIGN KEY (`id_user`) REFERENCES `users` (`id_users`) ON DELETE NO ACTION ON UPDATE NO ACTION
) ENGINE=InnoDB AUTO_INCREMENT=30 DEFAULT CHARSET=latin1;
/*!40101 SET character_set_client = @saved_cs_client */;

--
-- Dumping data for table `lesson_user_text`
--

LOCK TABLES `lesson_user_text` WRITE;
/*!40000 ALTER TABLE `lesson_user_text` DISABLE KEYS */;
INSERT INTO `lesson_user_text` VALUES (2,4,3,'Foi bem produtiva, visto que ficamos fazendo exercícios e tirando as dúvidas com a professora. Nas outras aulas, não temos muito tempo de fazer exercício e por em prática efetivamente a matéria, rodamos o programa mas com o tempo contado, nessa aula não, tivemos bastante tempo de entender o programa, logo, a aula de hoje foi muito importante para fixação da lógica de programação por trás da linguagem em si.'),(3,4,3,'Foi bem produtiva, visto que ficamos fazendo exercícios e tirando as dúvidas com a professora. Nas outras aulas, não temos muito tempo de fazer exercício e por em prática efetivamente a matéria, rodamos o programa mas com o tempo contado, nessa aula não, tivemos bastante tempo de entender o programa, logo, a aula de hoje foi muito importante para fixação da lógica de programação por trás da linguagem em si.'),(4,6,3,'Poderia ter sido uma aula muito boa se os alunos não ficassem mexendo no computador e não escutando a professora. Ela explica tudo detalhadamente para entendermos a fundo a lógica do codigo e o aluno, acha q já sabe e vai fazer outra coisa. Acho que na hora da explicação, tinha q ser proibido utilizar o computado do laboratório, assim, todos iriam prestar mais atenção no que está sendo dito.'),(5,6,7,'Na semana anterior - semana santa - não houve aula na sexta e evitou-se avançar com a matéria para se manter o paralelismo entre as duas turmas. Na aula desta quarta-feira, a data da P1 foi agendada e a matéria da prova finalizada. Fechamos os slides de lista encadeada e, como dever de casa, deveríamos implementar funções de retirar nós e ordenar a lista, tanto crescente como decrescentemente. Próxima aula na sexta-feira. \n'),(6,7,7,'Após marcar a data da P1 e finalizar a matéria na aula anterior, a aula dessa sexta-feira foi reservada para fazer exercícios e tirar dúvidas.  No meu caso, havia terminado de escrever o código do exercício de lista emcadeada, mas ainda não havia compilado e executado o programa. Como de costume, na hora de compilar encontrei alguns erros menores. Já na hora de testar o programa, percebi que algumas funções não estavam funcionando perfeitamente. Era o caso das ordenações de lista. Eu havia proposto ordenar através da criação de um novo nó para ser usado como memória nos momentos de trocas de valores. A professora orientou que a forma mais simples seria transferir todos os valores para um vetor, ordená-los, e então transferi-los novamente para a lista. Por curiosidade e um pouco de preguiça de reescrever todo o código, decidi insistir no modo que eu havia proposto e, ao fim da aula, consegui fazê-lo funcionar. Depois, na volta pra casa, imaginei que poderia fazer daquele mesmo jeito, mas sem criar uma nova estrutura, apenas criando uma variável int para usar como memória. Vou testar essa alteração em breve. '),(8,34,22,'Aula prática e bons exemplos. Todos trabalhando no mesmo projeto e ter que fazer isso explicando a todos.'),(9,35,22,'Desenvolve o raciocínio pra resolução do problema em conjunto. A aula foi muito produtiva e nem um pouco cansativa. \",\"Infelizmente, não são todos que se sentem confortáveis indo resolver as questões na frente de todos ou até mostrando à turma que o nivel de conhecimento em certas linguagens é mais baixo do que outros alunos. Talvez nao tornar as participações obrigatórias mas como pontos a mais na média fosse uma ótima estratégia. '),(10,33,22,'A imposição de uma UML pronta e necessária apenas de modificações para se chegar ao padrão, facilitou muito a interpretação do problema e a decorrente resolução.'),(11,34,23,'Maior interação dos alunos aos exercícios praticados durante a aula. Um pouco de dispersão e andamento lento da aula'),(12,35,23,'A demonstração do padrão em UML, o que facilita a identificação do uso dos mesmos em casos reais ainda no modelo. Exemplos simples de entender.\",\"Os alunos em geral se preocupam mais em aplicar eles mesmos a solução do que fazer o \"\"piloto\"\" chegar nela de forma colaborativa, o que aumenta o tempo do exercício em si.'),(13,33,23,'Houve bastante colaboração entre os alunos. Percebi que ao utilizarmos apenas a UML ajudou muito a entender os padrões em comparação com fazer a UML e implementar o código em Java pelo menos pra mim. Eu acho que olhando pelo código dificulta enxergar as relações, talvez porque ainda não tenha maturidade para desenvolver essa abstração.'),(14,34,24,'A utilização do Dojo em aula é algo extremamente positivo. Primeiro, porque prende a atenção e deixa a aula muito mais participativa; também desafia o aluno a botar a mão na massa, a programar, coisa que deve ser no mínimo prazerosa pra um aluno da área de TI; outro ponto importante é que também ajuda na interação com os participantes, fazendo que o pessoal desenvolva melhor habilidades de comunicação e de trabalho em equipe.'),(15,35,24,'Particularmente eu me senti mais a vontade para entender o problema e chegar a uma solução. Não tenho certeza se por conta do método aplicado ou se por estar ajustando a forma de pensar.\",\"Não houve.'),(16,33,24,'Houve bastante colaboração entre os alunos. Percebi que ao utilizarmos apenas a UML ajudou muito a entender os padrões em comparação com fazer a UML e implementar o código em Java pelo menos pra mim. Eu acho que olhando pelo código dificulta enxergar as relações, talvez porque ainda não tenha maturidade para desenvolver essa abstração.\r\n\r\nO caminho não foi linear, por exemplo, no primeiro padrão colocamos a classe base como abstrata, como concreta e voltamos a colocá-la como abstrata mostra que não seguimos um caminho linear mas também mostra que estamos explorando as ideias que surgem. Mostra amadurecimento do trabalho utilizando a metodologia'),(17,34,25,'Aula dinâmica e participativa\",\"Exemplos confusos em seus enunciados'),(18,35,25,'Eu gostei bastante da aula. De modo geral senti que houve bastante cooperação. Acho que a turma está ficando mais a vontade com a metodologia.  Acho muito enriquecedor para o desenvolvimento profissional ter essa experiência de troca e de se permitir ter liberdade criativa na hora de programar (pensar no que pode dar certo e refinar as idéias antes de programar é um exercício que traz uma maturidade na hora de programar porque te leva a pensar no porque fazer e não apenas trabalhar com o \"\"está rodando, está certo'),(19,33,25,'A aula manteve o padrão da anterior, onde tanto os problemas quanto a apresentação dos padrões foram passados com clareza suficiente.\",\"Não houve'),(20,34,26,'Torna a aula mais dinâmica e menos maçante, é pratico e facilita o entendimento em relação a apresentação tradicional(slides).\",\"Exemplos, as vezes, fora do conhecimento de mundo dos alunos, dificultando a assimilação do padrão.'),(21,34,27,'A pré modelagem do problema proposto proporcionou mais tempo para dedicarmos a implementação da solução. \",\"Ainda existe alguma dificuldade em entender o que o software deve exatamente fazer, qual deve ser o resultado esperado e quais as limitações impostas.'),(22,36,36,'Essa aula de gráficos, figuras e tabelas foi bem interessante. Acredito que esse tópico seja útil para qualquer um no presente e no futuro, já que ele não é exclusivo de artigos e também pode ser aplicado em apresentações, trabalho, etc . O professor explicou, assim como nas aulas anteriores de metodologia científica, de uma forma inteligível. Essa aula, mesmo sendo em um horário mais tarde, conseguiu me manter atento. '),(23,17,4,'Aula muito boa e produtiva sobre árvores, metade foi de explicaçao, metade resoluçao de exercicios, introduziu bem a matéria. Pelo fato da aula ser longa e o conteúdo não variar muito, acaba sendo um pouco cansativo de acompanhar, a aula precisou também de conhecimentos prévios em listas encadeadas, ponteiros e estruturas, além de recursividade e a tendência é haver esse acúmulo cada vez maior para poder compreender conceitos mais complexos.'),(24,36,43,'Em relação a esta aula fiquei descontente, pois a aula ficamos salientando gráficos e tabelas o qual noa deixou desanimado em relação a tal aula. Foi 48 slides que nos ajudou a entender a respeito de como podemos trabalhar isso nos slides e trabalhos. \nFoi proveitosa porém cansativa por causa da alta carga de slides. Acho que poderei diminuir estes conteúdos e tentar dar uma aula prática em relação a isso.'),(25,36,30,'Exemplificação boa e explicação fácil de entender quando demonstrada. Uma vez que implementado domesticamente as definições vistas em aula, vê-se que a estrutura de ensino se torna simples e a exercitação dos conceitos para elaboração das etapas para escrita de um artigo e execução de suas funções se tornam cada vez mais elementares, tendo em vista que o domínio do professor sobre a matéria é de alto índice e os assuntos são fáceis de serem entendidos.'),(26,36,41,'A aula é muito massante, seria interessante que houvesse um pouco mais de prática e que a aula fosse dinâmica. É difícil aguentar a aula inteira, você perde a atenção, pois é repetitivo e desinteressante... Eu, por muitas vezes, me sinto estressado e desinteressado. \r\nO professor é simpático, conversativo e não é um mau professor, porém ele tem que entender que a matéria dele não é algo que chame muita a atenção das pessoas e as vezes pode deixar a aula extremamente chata '),(27,36,28,'Achei a aula de Gráficos bem explicativa, nos debates das diferenças entre um gráfico bem construído e um mal construído, assim como na construção de um bom gráfico. Dito isso, o fato da aula ser apenas em slides acaba causando uma certa falta de foco após um tempo, pois o interesse passa a focar mais na quantidade de slides restantes na aula do que o conteúdo do slide em si.  '),(28,37,41,'A aula foi mais para tirar dúvidas, achei a aula um tanto quanto fraca, pois não teve muita didática. Pessoal foi tirar dúvidas e o pessoal que não tinha dúvidas não teve praticamente nenhum retorno da aula. As vezes os professores tem que entender que nem todo mundo tem tempo de sobra pra estudar por fora e vir pra aula cheio de dúvidas, um incentivo pode ser interessante para os alunos'),(29,38,41,'Essa aula não foi lecionada. Foi tirar dúvidas e a presença não foi necessária (professor mandou um e-mail confirmando que a presença não era necessária), portanto, eu não fui à aula para poder terminar o trabalho (ficou faltando a formatação do meu texto inteiro pra Latex, o qual foi concluído com sucesso). Gostaria que ele fosse mais presente, mais atencioso aos alunos. As vezes é bom que o professor tenha um contato maior com seus alunos');
/*!40000 ALTER TABLE `lesson_user_text` ENABLE KEYS */;
UNLOCK TABLES;

--
-- Table structure for table `subject`
--

DROP TABLE IF EXISTS `subject`;
/*!40101 SET @saved_cs_client     = @@character_set_client */;
/*!40101 SET character_set_client = utf8 */;
CREATE TABLE `subject` (
  `id_subject` int(11) NOT NULL AUTO_INCREMENT,
  `name` varchar(45) CHARACTER SET latin1 NOT NULL,
  `code` varchar(45) CHARACTER SET latin1 DEFAULT NULL,
  `description` varchar(100) CHARACTER SET latin1 DEFAULT NULL,
  PRIMARY KEY (`id_subject`)
) ENGINE=InnoDB AUTO_INCREMENT=5 DEFAULT CHARSET=utf8;
/*!40101 SET character_set_client = @saved_cs_client */;

--
-- Dumping data for table `subject`
--

LOCK TABLES `subject` WRITE;
/*!40000 ALTER TABLE `subject` DISABLE KEYS */;
INSERT INTO `subject` VALUES (1,'Estrutura de dados (Tarde)',NULL,NULL),(2,'Estrutura de dados (Noite)',NULL,NULL),(3,'Arquitetura e Padrões de Software',NULL,NULL),(4,'Metodologia Científica',NULL,NULL);
/*!40000 ALTER TABLE `subject` ENABLE KEYS */;
UNLOCK TABLES;

--
-- Table structure for table `subject_lesson`
--

DROP TABLE IF EXISTS `subject_lesson`;
/*!40101 SET @saved_cs_client     = @@character_set_client */;
/*!40101 SET character_set_client = utf8 */;
CREATE TABLE `subject_lesson` (
  `id_subject_lesson` int(11) NOT NULL AUTO_INCREMENT,
  `id_subject` int(11) NOT NULL,
  `id_lesson` int(11) NOT NULL,
  PRIMARY KEY (`id_subject_lesson`),
  KEY `fk_subject_lesson_idx` (`id_subject`),
  KEY `fk_subject_lesson_id_lesson_idx` (`id_lesson`),
  CONSTRAINT `fk_subject_lesson_id_lesson` FOREIGN KEY (`id_lesson`) REFERENCES `lesson` (`id_lesson`) ON DELETE NO ACTION ON UPDATE NO ACTION,
  CONSTRAINT `fk_subject_lesson_id_subject` FOREIGN KEY (`id_subject`) REFERENCES `subject` (`id_subject`) ON DELETE NO ACTION ON UPDATE NO ACTION
) ENGINE=InnoDB AUTO_INCREMENT=40 DEFAULT CHARSET=latin1;
/*!40101 SET character_set_client = @saved_cs_client */;

--
-- Dumping data for table `subject_lesson`
--

LOCK TABLES `subject_lesson` WRITE;
/*!40000 ALTER TABLE `subject_lesson` DISABLE KEYS */;
INSERT INTO `subject_lesson` VALUES (1,1,1),(2,1,2),(4,1,4),(5,1,5),(6,1,6),(7,1,7),(8,1,8),(9,1,9),(10,1,10),(11,1,11),(12,1,12),(13,1,13),(14,1,14),(15,1,15),(16,1,16),(17,1,17),(18,1,18),(19,1,19),(20,1,20),(21,1,21),(23,2,23),(24,2,24),(25,2,25),(26,2,26),(27,2,27),(28,2,28),(29,2,29),(30,2,30),(31,2,31),(33,3,33),(34,3,34),(35,3,35),(36,4,36),(37,4,37),(38,4,38),(39,4,39);
/*!40000 ALTER TABLE `subject_lesson` ENABLE KEYS */;
UNLOCK TABLES;

--
-- Table structure for table `user_subject`
--

DROP TABLE IF EXISTS `user_subject`;
/*!40101 SET @saved_cs_client     = @@character_set_client */;
/*!40101 SET character_set_client = utf8 */;
CREATE TABLE `user_subject` (
  `id_user_subject` int(11) NOT NULL AUTO_INCREMENT,
  `id_user` int(11) NOT NULL,
  `id_subject` int(11) NOT NULL,
  PRIMARY KEY (`id_user_subject`),
  KEY `fk_user_subject_id_user_idx` (`id_user`),
  KEY `fk_user_subject_id_subject_idx` (`id_subject`),
  CONSTRAINT `fk_user_subject_id_subject` FOREIGN KEY (`id_subject`) REFERENCES `subject` (`id_subject`) ON DELETE NO ACTION ON UPDATE NO ACTION,
  CONSTRAINT `fk_user_subject_id_user` FOREIGN KEY (`id_user`) REFERENCES `users` (`id_users`) ON DELETE NO ACTION ON UPDATE NO ACTION
) ENGINE=InnoDB AUTO_INCREMENT=57 DEFAULT CHARSET=latin1;
/*!40101 SET character_set_client = @saved_cs_client */;

--
-- Dumping data for table `user_subject`
--

LOCK TABLES `user_subject` WRITE;
/*!40000 ALTER TABLE `user_subject` DISABLE KEYS */;
INSERT INTO `user_subject` VALUES (1,1,1),(2,2,1),(3,3,1),(4,4,1),(5,5,1),(6,6,1),(7,7,1),(8,8,1),(9,9,1),(10,1,2),(11,10,2),(12,11,2),(13,12,2),(14,13,2),(15,14,2),(16,15,2),(17,16,2),(18,16,3),(19,17,3),(20,18,3),(21,19,3),(22,20,3),(23,21,3),(24,1,3),(25,22,3),(26,22,3),(27,23,3),(28,24,3),(29,25,3),(30,26,3),(31,27,3),(32,28,4),(33,29,4),(34,30,4),(35,31,4),(36,32,4),(37,33,4),(38,34,4),(39,35,4),(40,36,4),(41,37,4),(42,38,4),(43,39,4),(44,40,4),(45,41,4),(46,42,4),(47,43,4),(48,44,4),(49,45,4),(50,46,4),(51,1,4),(52,47,2),(53,48,2),(54,49,2),(55,50,2),(56,51,2);
/*!40000 ALTER TABLE `user_subject` ENABLE KEYS */;
UNLOCK TABLES;

--
-- Table structure for table `user_type`
--

DROP TABLE IF EXISTS `user_type`;
/*!40101 SET @saved_cs_client     = @@character_set_client */;
/*!40101 SET character_set_client = utf8 */;
CREATE TABLE `user_type` (
  `id_user_type` int(11) NOT NULL AUTO_INCREMENT,
  `name` varchar(20) NOT NULL,
  PRIMARY KEY (`id_user_type`)
) ENGINE=InnoDB AUTO_INCREMENT=3 DEFAULT CHARSET=latin1;
/*!40101 SET character_set_client = @saved_cs_client */;

--
-- Dumping data for table `user_type`
--

LOCK TABLES `user_type` WRITE;
/*!40000 ALTER TABLE `user_type` DISABLE KEYS */;
INSERT INTO `user_type` VALUES (1,'teacher'),(2,'student');
/*!40000 ALTER TABLE `user_type` ENABLE KEYS */;
UNLOCK TABLES;

--
-- Table structure for table `users`
--

DROP TABLE IF EXISTS `users`;
/*!40101 SET @saved_cs_client     = @@character_set_client */;
/*!40101 SET character_set_client = utf8 */;
CREATE TABLE `users` (
  `id_users` int(11) NOT NULL AUTO_INCREMENT,
  `name` varchar(45) NOT NULL,
  `surname` varchar(45) NOT NULL,
  `email` varchar(100) NOT NULL,
  `password` varchar(260) NOT NULL DEFAULT '8d969eef6ecad3c29a3a629280e686cf0c3f5d5a86aff3ca12020c923adc6c92',
  `active` bit(1) NOT NULL DEFAULT b'1',
  `type` int(11) NOT NULL DEFAULT '2',
  `default_password` bit(1) NOT NULL DEFAULT b'1',
  PRIMARY KEY (`id_users`),
  UNIQUE KEY `email_UNIQUE` (`email`),
  KEY `fk_user_id_type_id_user_type_idx` (`type`),
  CONSTRAINT `fk_user_id_type_id_user_type` FOREIGN KEY (`type`) REFERENCES `user_type` (`id_user_type`) ON DELETE NO ACTION ON UPDATE NO ACTION
) ENGINE=InnoDB AUTO_INCREMENT=57 DEFAULT CHARSET=latin1;
/*!40101 SET character_set_client = @saved_cs_client */;

--
-- Dumping data for table `users`
--

LOCK TABLES `users` WRITE;
/*!40000 ALTER TABLE `users` DISABLE KEYS */;
INSERT INTO `users` VALUES (1,'Leo','Preuss','leopreuss@gmail.com','cb369320f3ee1981697dac23634888a54f1a0aedef8ae62383f55df975bc5434','',1,'\0'),(2,'Caio','Seda','caioseda@hotmail.com','8d969eef6ecad3c29a3a629280e686cf0c3f5d5a86aff3ca12020c923adc6c92','',2,''),(3,'Mateus','Sotero','maateussotero@hotmail.com','2981fbcb0b21dab64367f3c046c6c81a224361e7c6edd4e3e90e651791d3f409','',2,'\0'),(4,'Danilo','Lopes','danilobom@yahoo.com.br','8d969eef6ecad3c29a3a629280e686cf0c3f5d5a86aff3ca12020c923adc6c92','',2,'\0'),(5,'Luiz Miguel','Oliveira','luizmigueloliveira@gmail.com','8d969eef6ecad3c29a3a629280e686cf0c3f5d5a86aff3ca12020c923adc6c92','',2,''),(6,'Rodrigo','Campos','rodrigo_mlcampos@hotmail.com','8d969eef6ecad3c29a3a629280e686cf0c3f5d5a86aff3ca12020c923adc6c92','',2,''),(7,'Flavio','Fontanella','lobofcf@gmail.com','5c93f3564d0fcf4e3d59218fefaefb0c8460d596af67bfe7271e0fc0b1895da0','',2,'\0'),(8,'Vitória','Santos','vitoriasempresantos@gmail.com','8d969eef6ecad3c29a3a629280e686cf0c3f5d5a86aff3ca12020c923adc6c92','',2,''),(9,'Caio','de Almeida','caioa1012@gmail.com','8d969eef6ecad3c29a3a629280e686cf0c3f5d5a86aff3ca12020c923adc6c92','',2,''),(10,'Douglas','Viana','douglimaviana@gmail.com','8d969eef6ecad3c29a3a629280e686cf0c3f5d5a86aff3ca12020c923adc6c92','',2,''),(11,'Ronaldo','Sobreiro','r.sobreiro@outlook.com','e50e592f9bb1a78dcfe9da8967dde57b2564bb607f399bf74b72fa501dc9aa3e','',2,'\0'),(12,'Júlia','Gratz','julia.gratz@yahoo.com','beff3c9175f8cdea493ca56b50489d3eeb8a015f32729075cabc625961e350c0','',2,'\0'),(13,'Daniel','Oliveira','ddogonzaga@hotmail.com','8d969eef6ecad3c29a3a629280e686cf0c3f5d5a86aff3ca12020c923adc6c92','',2,''),(14,'Douglas','Thomaz','douglasthmz@hotmail.com','8d969eef6ecad3c29a3a629280e686cf0c3f5d5a86aff3ca12020c923adc6c92','',2,''),(15,'Lucas','Flores','lucasasflores@gmail.com','8d969eef6ecad3c29a3a629280e686cf0c3f5d5a86aff3ca12020c923adc6c92','',2,''),(16,'Eduardo','Rocha','eduardorochacontato@gmail.com','8d969eef6ecad3c29a3a629280e686cf0c3f5d5a86aff3ca12020c923adc6c92','',2,''),(17,'Natália','Vieira','natnvieira@hotmail.com','8d969eef6ecad3c29a3a629280e686cf0c3f5d5a86aff3ca12020c923adc6c92','',2,''),(18,'Paulo','Eduardo','padu77@gmail.com','8d969eef6ecad3c29a3a629280e686cf0c3f5d5a86aff3ca12020c923adc6c92','',2,''),(19,'Augusto','José','ajosemf@gmail.com','8d969eef6ecad3c29a3a629280e686cf0c3f5d5a86aff3ca12020c923adc6c92','',2,''),(20,'Anderson','Rocha','andersonrocha@outlook.com.br','8d969eef6ecad3c29a3a629280e686cf0c3f5d5a86aff3ca12020c923adc6c92','',2,''),(21,'Cristian','Danner','cristiandanner@gmail.com','8d969eef6ecad3c29a3a629280e686cf0c3f5d5a86aff3ca12020c923adc6c92','',2,''),(22,'Aluno 1','','aluno1@mail.com','8d969eef6ecad3c29a3a629280e686cf0c3f5d5a86aff3ca12020c923adc6c92','',2,''),(23,'Aluno 2','','aluno2@mail.com','8d969eef6ecad3c29a3a629280e686cf0c3f5d5a86aff3ca12020c923adc6c92','',2,''),(24,'Aluno 3','','aluno3@mail.com','8d969eef6ecad3c29a3a629280e686cf0c3f5d5a86aff3ca12020c923adc6c92','',2,''),(25,'Aluno 4','','aluno4@mail.com','8d969eef6ecad3c29a3a629280e686cf0c3f5d5a86aff3ca12020c923adc6c92','',2,''),(26,'Aluno 5','','aluno5@mail.com','8d969eef6ecad3c29a3a629280e686cf0c3f5d5a86aff3ca12020c923adc6c92','',2,''),(27,'Aluno 6','','aluno6@mail.com','8d969eef6ecad3c29a3a629280e686cf0c3f5d5a86aff3ca12020c923adc6c92','',2,''),(28,'Lucas','Leite','lucasleite314@gmail.com','8d969eef6ecad3c29a3a629280e686cf0c3f5d5a86aff3ca12020c923adc6c92','',2,''),(29,'Luís','Henrique','luik98@gmail.com','8d969eef6ecad3c29a3a629280e686cf0c3f5d5a86aff3ca12020c923adc6c92','',2,''),(30,'Pedro','Parreira','pedroparreiracruz@gmail.com','8d969eef6ecad3c29a3a629280e686cf0c3f5d5a86aff3ca12020c923adc6c92','',2,''),(31,'Alexander','dos Santos','alexander.ti.info@gmail.com','8d969eef6ecad3c29a3a629280e686cf0c3f5d5a86aff3ca12020c923adc6c92','',2,''),(32,'Anderson','da Rocha','andeersonrocha@outlook.com.br','8d969eef6ecad3c29a3a629280e686cf0c3f5d5a86aff3ca12020c923adc6c92','',2,''),(33,'Bruno','Cavalcante','bcr04@yahoo.com.br','8d969eef6ecad3c29a3a629280e686cf0c3f5d5a86aff3ca12020c923adc6c92','',2,''),(34,'Daniel','de Andrade','danielandrade05@hotmail.com','8d969eef6ecad3c29a3a629280e686cf0c3f5d5a86aff3ca12020c923adc6c92','',2,''),(35,'Marcio','dos Santos','marciowanderley@gmail.com','8d969eef6ecad3c29a3a629280e686cf0c3f5d5a86aff3ca12020c923adc6c92','',2,''),(36,'Pedro','Silva','pscid@hotmail.com','8d969eef6ecad3c29a3a629280e686cf0c3f5d5a86aff3ca12020c923adc6c92','',2,''),(37,'Michael','Wallace','mwss1996@gmail.com','8d969eef6ecad3c29a3a629280e686cf0c3f5d5a86aff3ca12020c923adc6c92','',2,''),(38,'João','Vitor','jvmaues@gmail.com','8d969eef6ecad3c29a3a629280e686cf0c3f5d5a86aff3ca12020c923adc6c92','',2,''),(39,'Nilson','Luiz','vilson.pereira@eic.cefet-rj.br','8d969eef6ecad3c29a3a629280e686cf0c3f5d5a86aff3ca12020c923adc6c92','',2,''),(40,'Arthur ','Avner','arthuravner@hotmail.com','8d969eef6ecad3c29a3a629280e686cf0c3f5d5a86aff3ca12020c923adc6c92','',2,''),(41,'João','Pedro','joaopmsmaia@gmail.com','8d969eef6ecad3c29a3a629280e686cf0c3f5d5a86aff3ca12020c923adc6c92','',2,''),(42,'Wendel','Rios','wendelrioss@hotmail.com','8d969eef6ecad3c29a3a629280e686cf0c3f5d5a86aff3ca12020c923adc6c92','',2,''),(43,'Welington','Ferreira','welingtonsferreira@yahoo.com.br','8d969eef6ecad3c29a3a629280e686cf0c3f5d5a86aff3ca12020c923adc6c92','',2,'\0'),(44,'Alisson','dos Santos','allisonsfelix@gmail.com','8d969eef6ecad3c29a3a629280e686cf0c3f5d5a86aff3ca12020c923adc6c92','',2,''),(45,'Daniel ','Peres','danielperes60@gmail.com','8d969eef6ecad3c29a3a629280e686cf0c3f5d5a86aff3ca12020c923adc6c92','',2,''),(46,'Igor ','Gonçalves','igor.gsilva@hotmail.com','8d969eef6ecad3c29a3a629280e686cf0c3f5d5a86aff3ca12020c923adc6c92','',2,''),(47,'Cecilia','Voronoff','ceciliavoronoff@gmail.com','8d969eef6ecad3c29a3a629280e686cf0c3f5d5a86aff3ca12020c923adc6c92','',2,''),(48,'Claudio','Botelho','claudinho.botelho@gmail.com','8d969eef6ecad3c29a3a629280e686cf0c3f5d5a86aff3ca12020c923adc6c92','',2,''),(49,'Fabian','Pereira','fabian.manoel@eic.cefet-rj.br','8d969eef6ecad3c29a3a629280e686cf0c3f5d5a86aff3ca12020c923adc6c92','',2,''),(50,'Marcos','Paulo','marcosemp@gmail.com','8d969eef6ecad3c29a3a629280e686cf0c3f5d5a86aff3ca12020c923adc6c92','',2,''),(51,'Diana','Rose','diana45637@live.com','8d969eef6ecad3c29a3a629280e686cf0c3f5d5a86aff3ca12020c923adc6c92','',2,'');
/*!40000 ALTER TABLE `users` ENABLE KEYS */;
UNLOCK TABLES;
/*!40103 SET TIME_ZONE=@OLD_TIME_ZONE */;

/*!40101 SET SQL_MODE=@OLD_SQL_MODE */;
/*!40014 SET FOREIGN_KEY_CHECKS=@OLD_FOREIGN_KEY_CHECKS */;
/*!40014 SET UNIQUE_CHECKS=@OLD_UNIQUE_CHECKS */;
/*!40101 SET CHARACTER_SET_CLIENT=@OLD_CHARACTER_SET_CLIENT */;
/*!40101 SET CHARACTER_SET_RESULTS=@OLD_CHARACTER_SET_RESULTS */;
/*!40101 SET COLLATION_CONNECTION=@OLD_COLLATION_CONNECTION */;
/*!40111 SET SQL_NOTES=@OLD_SQL_NOTES */;

-- Dump completed on 2018-08-18 21:24:08
